"match ID","platform ID","queue type","season","time stamp","duration","winner(side)","champ ID","lane","role","win"
"2713833409","EUW1","TEAM_BUILDER_DRAFT_RANKED_5x5","SEASON2016","Thu Jun 16 09:44:37 CEST 2016","1668","PURPLE","432","BOTTOM","DUO_SUPPORT","false"
"2713279125","EUW1","TEAM_BUILDER_DRAFT_RANKED_5x5","SEASON2016","Wed Jun 15 19:30:25 CEST 2016","2354","BLUE","432","BOTTOM","DUO_SUPPORT","true"
"2713109245","EUW1","TEAM_BUILDER_DRAFT_RANKED_5x5","SEASON2016","Wed Jun 15 17:08:49 CEST 2016","1757","BLUE","432","BOTTOM","DUO_SUPPORT","false"
"2711570162","EUW1","TEAM_BUILDER_DRAFT_RANKED_5x5","SEASON2016","Tue Jun 14 20:11:39 CEST 2016","1272","BLUE","432","BOTTOM","DUO_SUPPORT","false"
"2711195166","EUW1","TEAM_BUILDER_DRAFT_RANKED_5x5","SEASON2016","Tue Jun 14 15:13:59 CEST 2016","1974","PURPLE","432","BOTTOM","DUO_SUPPORT","true"
"2708422697","EUW1","TEAM_BUILDER_DRAFT_RANKED_5x5","SEASON2016","Sun Jun 12 17:14:19 CEST 2016","1650","BLUE","421","JUNGLE","NONE","true"
"2704577010","EUW1","TEAM_BUILDER_DRAFT_RANKED_5x5","SEASON2016","Thu Jun 09 23:49:47 CEST 2016","1602","PURPLE","38","MID","SOLO","true"
"2701495919","EUW1","TEAM_BUILDER_DRAFT_RANKED_5x5","SEASON2016","Tue Jun 07 21:14:48 CEST 2016","1219","PURPLE","105","MID","SOLO","true"
"2700669204","EUW1","TEAM_BUILDER_DRAFT_RANKED_5x5","SEASON2016","Tue Jun 07 15:34:30 CEST 2016","1792","BLUE","57","TOP","SOLO","false"
"2700642691","EUW1","TEAM_BUILDER_DRAFT_RANKED_5x5","SEASON2016","Tue Jun 07 14:53:06 CEST 2016","1998","PURPLE","421","JUNGLE","NONE","false"
"2700559134","EUW1","TEAM_BUILDER_DRAFT_RANKED_5x5","SEASON2016","Tue Jun 07 13:18:26 CEST 2016","1791","BLUE","38","MID","SOLO","false"
"2700553252","EUW1","TEAM_BUILDER_DRAFT_RANKED_5x5","SEASON2016","Tue Jun 07 12:21:41 CEST 2016","2275","BLUE","38","MID","SOLO","false"
"2698231601","EUW1","TEAM_BUILDER_DRAFT_RANKED_5x5","SEASON2016","Sun Jun 05 16:14:29 CEST 2016","2413","BLUE","236","BOTTOM","DUO_CARRY","true"
"2690185579","EUW1","TEAM_BUILDER_DRAFT_RANKED_5x5","SEASON2016","Tue May 31 15:34:38 CEST 2016","1837","BLUE","44","BOTTOM","DUO_SUPPORT","true"
"2689524574","EUW1","TEAM_BUILDER_DRAFT_RANKED_5x5","SEASON2016","Mon May 30 20:27:58 CEST 2016","1176","BLUE","64","JUNGLE","NONE","false"
"2688357205","EUW1","TEAM_BUILDER_DRAFT_RANKED_5x5","SEASON2016","Sun May 29 23:56:13 CEST 2016","2479","BLUE","223","TOP","SOLO","false"
"2686087751","EUW1","TEAM_BUILDER_DRAFT_RANKED_5x5","SEASON2016","Sat May 28 17:26:56 CEST 2016","2111","BLUE","236","BOTTOM","DUO_CARRY","true"
"2686038615","EUW1","TEAM_BUILDER_DRAFT_RANKED_5x5","SEASON2016","Sat May 28 16:50:42 CEST 2016","1582","PURPLE","77","JUNGLE","NONE","false"
"2685907819","EUW1","TEAM_BUILDER_DRAFT_RANKED_5x5","SEASON2016","Sat May 28 15:26:45 CEST 2016","2769","BLUE","10","TOP","SOLO","false"
"2683982832","EUW1","TEAM_BUILDER_DRAFT_RANKED_5x5","SEASON2016","Fri May 27 13:31:17 CEST 2016","1784","BLUE","64","JUNGLE","NONE","false"
"2680756557","EUW1","TEAM_BUILDER_DRAFT_RANKED_5x5","SEASON2016","Tue May 24 23:30:06 CEST 2016","1970","PURPLE","64","JUNGLE","NONE","true"
"2680575827","EUW1","TEAM_BUILDER_DRAFT_RANKED_5x5","SEASON2016","Tue May 24 22:44:28 CEST 2016","2266","BLUE","38","MID","SOLO","false"
"2678718904","EUW1","TEAM_BUILDER_DRAFT_RANKED_5x5","SEASON2016","Mon May 23 19:22:39 CEST 2016","2518","PURPLE","38","MID","SOLO","true"
"2671100160","EUW1","TEAM_BUILDER_DRAFT_RANKED_5x5","SEASON2016","Thu May 19 16:08:33 CEST 2016","2233","PURPLE","38","MID","SOLO","true"
"2669863432","EUW1","TEAM_BUILDER_DRAFT_RANKED_5x5","SEASON2016","Wed May 18 17:40:58 CEST 2016","1935","BLUE","64","JUNGLE","NONE","true"
"2667790542","EUW1","TEAM_BUILDER_DRAFT_RANKED_5x5","SEASON2016","Tue May 17 12:18:42 CEST 2016","2057","PURPLE","38","MID","SOLO","true"
"2667712133","EUW1","TEAM_BUILDER_DRAFT_RANKED_5x5","SEASON2016","Tue May 17 10:26:51 CEST 2016","2298","PURPLE","38","MID","SOLO","false"
"2667002661","EUW1","TEAM_BUILDER_DRAFT_RANKED_5x5","SEASON2016","Mon May 16 17:37:18 CEST 2016","1907","PURPLE","38","TOP","SOLO","true"
"2660886489","EUW1","TEAM_BUILDER_DRAFT_RANKED_5x5","SEASON2016","Thu May 12 23:16:31 CEST 2016","1639","PURPLE","38","MID","SOLO","true"
"2660439628","EUW1","TEAM_BUILDER_DRAFT_RANKED_5x5","SEASON2016","Thu May 12 17:58:50 CEST 2016","2429","BLUE","38","MID","SOLO","true"
"2658991298","EUW1","TEAM_BUILDER_DRAFT_RANKED_5x5","SEASON2016","Wed May 11 16:33:27 CEST 2016","1504","PURPLE","412","BOTTOM","DUO_SUPPORT","true"
"2658751554","EUW1","TEAM_BUILDER_DRAFT_RANKED_5x5","SEASON2016","Wed May 11 12:20:20 CEST 2016","1969","BLUE","38","MID","DUO_CARRY","false"
"2655240934","EUW1","TEAM_BUILDER_DRAFT_RANKED_5x5","SEASON2016","Sun May 08 17:38:19 CEST 2016","2389","BLUE","64","JUNGLE","NONE","false"
"2653775539","EUW1","TEAM_BUILDER_DRAFT_RANKED_5x5","SEASON2016","Sat May 07 19:34:03 CEST 2016","1780","BLUE","38","MID","SOLO","true"
"2653354593","EUW1","TEAM_BUILDER_DRAFT_RANKED_5x5","SEASON2016","Sat May 07 17:34:30 CEST 2016","1637","BLUE","64","JUNGLE","NONE","true"
"2652021986","EUW1","TEAM_BUILDER_DRAFT_RANKED_5x5","SEASON2016","Fri May 06 19:07:37 CEST 2016","1700","BLUE","38","TOP","SOLO","true"
"2647079815","EUW1","TEAM_BUILDER_DRAFT_RANKED_5x5","SEASON2016","Tue May 03 18:36:13 CEST 2016","1849","PURPLE","44","BOTTOM","DUO_SUPPORT","true"
"2645316633","EUW1","TEAM_BUILDER_DRAFT_RANKED_5x5","SEASON2016","Mon May 02 12:46:35 CEST 2016","1938","PURPLE","38","TOP","SOLO","true"
"2645289515","EUW1","TEAM_BUILDER_DRAFT_RANKED_5x5","SEASON2016","Mon May 02 11:52:23 CEST 2016","2585","BLUE","38","TOP","SOLO","true"
"2644773876","EUW1","TEAM_BUILDER_DRAFT_RANKED_5x5","SEASON2016","Sun May 01 22:37:16 CEST 2016","2882","BLUE","38","MID","SOLO","true"
"2644148375","EUW1","TEAM_BUILDER_DRAFT_RANKED_5x5","SEASON2016","Sun May 01 17:39:32 CEST 2016","1969","PURPLE","64","JUNGLE","NONE","false"
"2644035150","EUW1","TEAM_BUILDER_DRAFT_RANKED_5x5","SEASON2016","Sun May 01 16:11:18 CEST 2016","2497","BLUE","238","MID","SOLO","false"
"2642742455","EUW1","TEAM_BUILDER_DRAFT_RANKED_5x5","SEASON2016","Sat Apr 30 20:48:30 CEST 2016","2090","PURPLE","54","TOP","SOLO","false"
"2641837206","EUW1","TEAM_BUILDER_DRAFT_RANKED_5x5","SEASON2016","Sat Apr 30 11:09:40 CEST 2016","2616","BLUE","64","JUNGLE","NONE","true"
"2641832776","EUW1","TEAM_BUILDER_DRAFT_RANKED_5x5","SEASON2016","Sat Apr 30 10:25:12 CEST 2016","2239","PURPLE","64","JUNGLE","NONE","false"
"2640356855","EUW1","TEAM_BUILDER_DRAFT_RANKED_5x5","SEASON2016","Fri Apr 29 12:27:34 CEST 2016","1980","BLUE","54","TOP","SOLO","true"
"2640333453","EUW1","TEAM_BUILDER_DRAFT_RANKED_5x5","SEASON2016","Fri Apr 29 11:49:02 CEST 2016","1873","PURPLE","64","JUNGLE","NONE","false"
"2640169174","EUW1","TEAM_BUILDER_DRAFT_RANKED_5x5","SEASON2016","Fri Apr 29 10:54:35 CEST 2016","2498","PURPLE","44","BOTTOM","DUO_SUPPORT","false"
"2638928061","EUW1","TEAM_BUILDER_DRAFT_RANKED_5x5","SEASON2016","Thu Apr 28 12:43:00 CEST 2016","2123","BLUE","48","TOP","SOLO","false"
"2638924289","EUW1","TEAM_BUILDER_DRAFT_RANKED_5x5","SEASON2016","Thu Apr 28 12:02:11 CEST 2016","1789","BLUE","64","JUNGLE","NONE","false"
"2638879610","EUW1","TEAM_BUILDER_DRAFT_RANKED_5x5","SEASON2016","Thu Apr 28 11:15:41 CEST 2016","1925","BLUE","64","JUNGLE","NONE","false"
"2638086884","EUW1","TEAM_BUILDER_DRAFT_RANKED_5x5","SEASON2016","Wed Apr 27 20:40:34 CEST 2016","2513","PURPLE","64","JUNGLE","NONE","true"
"2638013905","EUW1","TEAM_BUILDER_DRAFT_RANKED_5x5","SEASON2016","Wed Apr 27 19:50:48 CEST 2016","2366","PURPLE","202","BOTTOM","DUO","false"
"2637678776","EUW1","TEAM_BUILDER_DRAFT_RANKED_5x5","SEASON2016","Wed Apr 27 15:55:40 CEST 2016","2308","PURPLE","64","JUNGLE","NONE","true"
"2637638950","EUW1","TEAM_BUILDER_DRAFT_RANKED_5x5","SEASON2016","Wed Apr 27 15:14:03 CEST 2016","2042","PURPLE","202","BOTTOM","DUO_CARRY","false"
"2636786390","EUW1","TEAM_BUILDER_DRAFT_RANKED_5x5","SEASON2016","Tue Apr 26 20:46:06 CEST 2016","1900","PURPLE","64","JUNGLE","NONE","false"
"2636614023","EUW1","TEAM_BUILDER_DRAFT_RANKED_5x5","SEASON2016","Tue Apr 26 20:00:50 CEST 2016","1905","BLUE","44","BOTTOM","DUO_SUPPORT","false"
"2636183158","EUW1","TEAM_BUILDER_DRAFT_RANKED_5x5","SEASON2016","Tue Apr 26 14:47:13 CEST 2016","1768","PURPLE","44","BOTTOM","DUO_SUPPORT","false"
"2635603925","EUW1","TEAM_BUILDER_DRAFT_RANKED_5x5","SEASON2016","Mon Apr 25 20:43:53 CEST 2016","2099","BLUE","42","BOTTOM","DUO_CARRY","false"
"2632505405","EUW1","TEAM_BUILDER_DRAFT_RANKED_5x5","SEASON2016","Sun Apr 24 11:34:43 CEST 2016","2445","PURPLE","44","BOTTOM","DUO_SUPPORT","true"
"2626516489","EUW1","TEAM_BUILDER_DRAFT_RANKED_5x5","SEASON2016","Thu Apr 21 19:06:05 CEST 2016","2104","BLUE","201","BOTTOM","DUO_SUPPORT","false"
"2626358846","EUW1","TEAM_BUILDER_DRAFT_RANKED_5x5","SEASON2016","Thu Apr 21 17:11:31 CEST 2016","2011","BLUE","44","BOTTOM","DUO_SUPPORT","true"
"2625235788","EUW1","TEAM_BUILDER_DRAFT_RANKED_5x5","SEASON2016","Wed Apr 20 20:46:03 CEST 2016","1994","PURPLE","202","BOTTOM","DUO_CARRY","true"
"2624871292","EUW1","TEAM_BUILDER_DRAFT_RANKED_5x5","SEASON2016","Wed Apr 20 15:39:48 CEST 2016","1505","BLUE","201","BOTTOM","DUO","false"
"2624805381","EUW1","TEAM_BUILDER_DRAFT_RANKED_5x5","SEASON2016","Wed Apr 20 15:10:59 CEST 2016","1314","BLUE","223","BOTTOM","DUO_SUPPORT","true"
"2624738449","EUW1","TEAM_BUILDER_DRAFT_RANKED_5x5","SEASON2016","Wed Apr 20 14:26:22 CEST 2016","2041","PURPLE","44","BOTTOM","DUO_SUPPORT","true"
"2624742320","EUW1","TEAM_BUILDER_DRAFT_RANKED_5x5","SEASON2016","Wed Apr 20 13:46:05 CEST 2016","1762","BLUE","44","BOTTOM","DUO_SUPPORT","true"
"2624701212","EUW1","TEAM_BUILDER_DRAFT_RANKED_5x5","SEASON2016","Wed Apr 20 11:56:06 CEST 2016","1818","PURPLE","223","TOP","SOLO","true"
"2624377807","EUW1","TEAM_BUILDER_DRAFT_RANKED_5x5","SEASON2016","Wed Apr 20 11:10:19 CEST 2016","2284","BLUE","44","BOTTOM","DUO_SUPPORT","false"
"2623743909","EUW1","TEAM_BUILDER_DRAFT_RANKED_5x5","SEASON2016","Tue Apr 19 23:01:23 CEST 2016","2990","PURPLE","136","BOTTOM","DUO_SUPPORT","true"
"2623682700","EUW1","TEAM_BUILDER_DRAFT_RANKED_5x5","SEASON2016","Tue Apr 19 22:14:58 CEST 2016","2294","BLUE","44","BOTTOM","DUO_SUPPORT","false"
"2623641568","EUW1","TEAM_BUILDER_DRAFT_RANKED_5x5","SEASON2016","Tue Apr 19 21:34:28 CEST 2016","2010","PURPLE","44","BOTTOM","DUO_SUPPORT","true"
"2623065602","EUW1","TEAM_BUILDER_DRAFT_RANKED_5x5","SEASON2016","Tue Apr 19 14:58:12 CEST 2016","1983","BLUE","4","MID","SOLO","true"
"2622932403","EUW1","TEAM_BUILDER_DRAFT_RANKED_5x5","SEASON2016","Tue Apr 19 11:39:43 CEST 2016","1551","BLUE","202","BOTTOM","DUO_CARRY","true"
"2622818825","EUW1","TEAM_BUILDER_DRAFT_RANKED_5x5","SEASON2016","Tue Apr 19 10:49:55 CEST 2016","1625","BLUE","12","BOTTOM","DUO_SUPPORT","false"
"2622369925","EUW1","TEAM_BUILDER_DRAFT_RANKED_5x5","SEASON2016","Tue Apr 19 00:00:03 CEST 2016","2808","PURPLE","44","BOTTOM","DUO_SUPPORT","true"
"2622352312","EUW1","TEAM_BUILDER_DRAFT_RANKED_5x5","SEASON2016","Mon Apr 18 23:18:59 CEST 2016","2053","BLUE","48","TOP","SOLO","false"
"2622216212","EUW1","TEAM_BUILDER_DRAFT_RANKED_5x5","SEASON2016","Mon Apr 18 22:12:57 CEST 2016","1993","PURPLE","31","MID","SOLO","true"
"2622156191","EUW1","TEAM_BUILDER_DRAFT_RANKED_5x5","SEASON2016","Mon Apr 18 21:37:00 CEST 2016","1451","BLUE","111","TOP","SOLO","true"
"2612160106","EUW1","TEAM_BUILDER_DRAFT_RANKED_5x5","SEASON2016","Tue Apr 12 18:02:23 CEST 2016","2291","PURPLE","111","TOP","SOLO","false"
"2611012684","EUW1","RANKED_TEAM_3x3","SEASON2016","Mon Apr 11 21:14:54 CEST 2016","2605","PURPLE","33","JUNGLE","NONE","false"
"2610962199","EUW1","RANKED_TEAM_3x3","SEASON2016","Mon Apr 11 20:45:28 CEST 2016","1268","BLUE","111","MID","NONE","true"
"2610904109","EUW1","RANKED_TEAM_3x3","SEASON2016","Mon Apr 11 20:13:25 CEST 2016","1507","BLUE","111","MID","NONE","true"
"2610796864","EUW1","RANKED_TEAM_3x3","SEASON2016","Mon Apr 11 19:25:37 CEST 2016","2257","BLUE","104","MID","SOLO","false"
"2610658644","EUW1","TEAM_BUILDER_DRAFT_RANKED_5x5","SEASON2016","Mon Apr 11 17:58:46 CEST 2016","3031","PURPLE","202","BOTTOM","DUO_CARRY","false"
"2609672860","EUW1","TEAM_BUILDER_DRAFT_RANKED_5x5","SEASON2016","Sun Apr 10 23:00:48 CEST 2016","1901","PURPLE","236","BOTTOM","DUO_CARRY","true"
"2608577389","EUW1","TEAM_BUILDER_DRAFT_RANKED_5x5","SEASON2016","Sun Apr 10 12:28:24 CEST 2016","1150","PURPLE","33","JUNGLE","NONE","true"
"2608590586","EUW1","TEAM_BUILDER_DRAFT_RANKED_5x5","SEASON2016","Sun Apr 10 11:48:05 CEST 2016","2050","PURPLE","266","TOP","SOLO","false"
"2608506393","EUW1","TEAM_BUILDER_DRAFT_RANKED_5x5","SEASON2016","Sun Apr 10 11:14:19 CEST 2016","1467","PURPLE","36","TOP","SOLO","true"
"2608471668","EUW1","TEAM_BUILDER_DRAFT_RANKED_5x5","SEASON2016","Sun Apr 10 10:21:07 CEST 2016","2634","PURPLE","202","BOTTOM","DUO_CARRY","false"
"2607374552","EUW1","TEAM_BUILDER_DRAFT_RANKED_5x5","SEASON2016","Sat Apr 09 19:21:19 CEST 2016","1996","PURPLE","201","BOTTOM","DUO_SUPPORT","false"
"2607283508","EUW1","TEAM_BUILDER_DRAFT_RANKED_5x5","SEASON2016","Sat Apr 09 18:28:02 CEST 2016","2344","PURPLE","202","BOTTOM","DUO_CARRY","false"
"2606334123","EUW1","TEAM_BUILDER_DRAFT_RANKED_5x5","SEASON2016","Sat Apr 09 12:16:50 CEST 2016","3079","BLUE","202","BOTTOM","DUO_CARRY","false"
"2606257862","EUW1","TEAM_BUILDER_DRAFT_RANKED_5x5","SEASON2016","Sat Apr 09 11:32:27 CEST 2016","2160","PURPLE","202","BOTTOM","DUO_CARRY","false"
"2604473924","EUW1","TEAM_BUILDER_DRAFT_RANKED_5x5","SEASON2016","Fri Apr 08 12:53:07 CEST 2016","1931","BLUE","63","MID","SOLO","true"
"2603868425","EUW1","TEAM_BUILDER_DRAFT_RANKED_5x5","SEASON2016","Thu Apr 07 20:34:45 CEST 2016","2435","PURPLE","202","BOTTOM","DUO_CARRY","true"
"2603507431","EUW1","TEAM_BUILDER_DRAFT_RANKED_5x5","SEASON2016","Thu Apr 07 16:28:24 CEST 2016","2547","PURPLE","202","BOTTOM","DUO_CARRY","true"
"2603466993","EUW1","TEAM_BUILDER_DRAFT_RANKED_5x5","SEASON2016","Thu Apr 07 15:42:38 CEST 2016","2228","BLUE","202","BOTTOM","DUO_CARRY","false"
"2602263622","EUW1","TEAM_BUILDER_DRAFT_RANKED_5x5","SEASON2016","Wed Apr 06 18:51:57 CEST 2016","2296","PURPLE","202","BOTTOM","DUO_CARRY","false"
"2602193923","EUW1","TEAM_BUILDER_DRAFT_RANKED_5x5","SEASON2016","Wed Apr 06 18:10:15 CEST 2016","2058","PURPLE","202","BOTTOM","DUO_CARRY","true"
"2601973974","EUW1","TEAM_BUILDER_DRAFT_RANKED_5x5","SEASON2016","Wed Apr 06 15:11:28 CEST 2016","2064","BLUE","33","TOP","SOLO","true"
"2601916342","EUW1","TEAM_BUILDER_DRAFT_RANKED_5x5","SEASON2016","Wed Apr 06 14:24:59 CEST 2016","2198","BLUE","5","JUNGLE","NONE","false"
"2600968343","EUW1","TEAM_BUILDER_DRAFT_RANKED_5x5","SEASON2016","Tue Apr 05 21:19:27 CEST 2016","1600","PURPLE","133","TOP","SOLO","false"
"2599121574","EUW1","TEAM_BUILDER_DRAFT_RANKED_5x5","SEASON2016","Mon Apr 04 17:32:38 CEST 2016","2273","PURPLE","202","BOTTOM","DUO_CARRY","true"
"2598749062","EUW1","TEAM_BUILDER_DRAFT_RANKED_5x5","SEASON2016","Mon Apr 04 16:45:49 CEST 2016","2033","PURPLE","157","MID","SOLO","false"
"2598421691","EUW1","TEAM_BUILDER_DRAFT_RANKED_5x5","SEASON2016","Mon Apr 04 11:12:13 CEST 2016","2723","BLUE","36","TOP","SOLO","true"
"2563280824","EUW1","TEAM_BUILDER_DRAFT_RANKED_5x5","SEASON2016","Tue Mar 15 09:34:07 CET 2016","3509","BLUE","238","MID","SOLO","false"
"2560987998","EUW1","TEAM_BUILDER_DRAFT_RANKED_5x5","SEASON2016","Sun Mar 13 16:30:17 CET 2016","2269","BLUE","157","MID","SOLO","true"
"2560403708","EUW1","TEAM_BUILDER_DRAFT_RANKED_5x5","SEASON2016","Sun Mar 13 11:28:00 CET 2016","2052","BLUE","64","BOTTOM","NONE","false"
"2560206846","EUW1","TEAM_BUILDER_DRAFT_RANKED_5x5","SEASON2016","Sun Mar 13 10:36:59 CET 2016","2394","BLUE","33","JUNGLE","NONE","false"
"2560173133","EUW1","TEAM_BUILDER_DRAFT_RANKED_5x5","SEASON2016","Sun Mar 13 09:46:05 CET 2016","1404","BLUE","64","JUNGLE","NONE","true"
"2559194340","EUW1","TEAM_BUILDER_DRAFT_RANKED_5x5","SEASON2016","Sat Mar 12 16:09:41 CET 2016","3285","BLUE","10","JUNGLE","NONE","false"
"2559134886","EUW1","TEAM_BUILDER_DRAFT_RANKED_5x5","SEASON2016","Sat Mar 12 15:37:05 CET 2016","1252","PURPLE","77","JUNGLE","NONE","false"
"2558553666","EUW1","TEAM_BUILDER_DRAFT_RANKED_5x5","SEASON2016","Sat Mar 12 12:44:27 CET 2016","2535","BLUE","54","JUNGLE","NONE","false"
"2556843169","EUW1","TEAM_BUILDER_DRAFT_RANKED_5x5","SEASON2016","Fri Mar 11 10:32:18 CET 2016","1891","PURPLE","111","TOP","SOLO","true"
"2556612681","EUW1","TEAM_BUILDER_DRAFT_RANKED_5x5","SEASON2016","Thu Mar 10 22:51:12 CET 2016","2716","PURPLE","59","TOP","SOLO","false"
"2554965577","EUW1","TEAM_BUILDER_DRAFT_RANKED_5x5","SEASON2016","Wed Mar 09 19:39:20 CET 2016","2247","BLUE","48","TOP","SOLO","true"
"2554602965","EUW1","TEAM_BUILDER_DRAFT_RANKED_5x5","SEASON2016","Wed Mar 09 15:07:05 CET 2016","2247","BLUE","48","TOP","SOLO","true"
"2554286983","EUW1","TEAM_BUILDER_DRAFT_RANKED_5x5","SEASON2016","Wed Mar 09 11:08:43 CET 2016","1988","PURPLE","223","TOP","SOLO","false"
"2554325287","EUW1","TEAM_BUILDER_DRAFT_RANKED_5x5","SEASON2016","Wed Mar 09 10:36:35 CET 2016","1268","BLUE","54","TOP","SOLO","true"
"2554323565","EUW1","TEAM_BUILDER_DRAFT_RANKED_5x5","SEASON2016","Wed Mar 09 09:56:59 CET 2016","1321","BLUE","266","TOP","SOLO","true"
"2551648568","EUW1","TEAM_BUILDER_DRAFT_RANKED_5x5","SEASON2016","Mon Mar 07 18:50:49 CET 2016","1293","PURPLE","111","TOP","SOLO","false"
"2547815418","EUW1","TEAM_BUILDER_DRAFT_RANKED_5x5","SEASON2016","Sat Mar 05 10:53:01 CET 2016","1911","BLUE","75","TOP","SOLO","true"
"2546779340","EUW1","TEAM_BUILDER_DRAFT_RANKED_5x5","SEASON2016","Fri Mar 04 20:43:11 CET 2016","1244","BLUE","77","JUNGLE","NONE","true"
"2545759728","EUW1","TEAM_BUILDER_DRAFT_RANKED_5x5","SEASON2016","Fri Mar 04 10:34:19 CET 2016","1740","BLUE","133","TOP","SOLO","false"
"2545747452","EUW1","TEAM_BUILDER_DRAFT_RANKED_5x5","SEASON2016","Fri Mar 04 09:49:40 CET 2016","2201","PURPLE","31","TOP","SOLO","false"
"2544960047","EUW1","TEAM_BUILDER_DRAFT_RANKED_5x5","SEASON2016","Thu Mar 03 17:06:19 CET 2016","1340","PURPLE","77","JUNGLE","NONE","false"
"2544912289","EUW1","TEAM_BUILDER_DRAFT_RANKED_5x5","SEASON2016","Thu Mar 03 15:51:17 CET 2016","3747","PURPLE","114","TOP","SOLO","false"
"2543474161","EUW1","TEAM_BUILDER_DRAFT_RANKED_5x5","SEASON2016","Wed Mar 02 11:39:14 CET 2016","2724","PURPLE","31","TOP","SOLO","true"
"2533899774","EUW1","TEAM_BUILDER_DRAFT_RANKED_5x5","SEASON2016","Wed Feb 24 17:28:55 CET 2016","1984","PURPLE","31","TOP","SOLO","true"
"2533599561","EUW1","TEAM_BUILDER_DRAFT_RANKED_5x5","SEASON2016","Wed Feb 24 10:36:34 CET 2016","3240","PURPLE","36","TOP","SOLO","true"
"2531529751","EUW1","TEAM_BUILDER_DRAFT_RANKED_5x5","SEASON2016","Mon Feb 22 19:49:52 CET 2016","1386","BLUE","33","JUNGLE","NONE","true"
"2531323877","EUW1","TEAM_BUILDER_DRAFT_RANKED_5x5","SEASON2016","Mon Feb 22 15:58:06 CET 2016","2379","BLUE","33","TOP","SOLO","true"
"2530831730","EUW1","TEAM_BUILDER_DRAFT_RANKED_5x5","SEASON2016","Sun Feb 21 21:00:13 CET 2016","1511","PURPLE","31","TOP","SOLO","true"
"2530369153","EUW1","TEAM_BUILDER_DRAFT_RANKED_5x5","SEASON2016","Sun Feb 21 19:51:00 CET 2016","2255","PURPLE","114","TOP","SOLO","false"
"2530360736","EUW1","TEAM_BUILDER_DRAFT_RANKED_5x5","SEASON2016","Sun Feb 21 19:03:29 CET 2016","1872","BLUE","114","TOP","SOLO","false"
"2529715254","EUW1","TEAM_BUILDER_DRAFT_RANKED_5x5","SEASON2016","Sun Feb 21 10:50:52 CET 2016","1805","BLUE","111","JUNGLE","NONE","false"
"2522344375","EUW1","TEAM_BUILDER_DRAFT_RANKED_5x5","SEASON2016","Mon Feb 15 20:13:24 CET 2016","2357","BLUE","31","TOP","SOLO","true"
"2521967200","EUW1","TEAM_BUILDER_DRAFT_RANKED_5x5","SEASON2016","Mon Feb 15 16:24:23 CET 2016","1969","PURPLE","44","BOTTOM","DUO_SUPPORT","true"
"2520112039","EUW1","TEAM_BUILDER_DRAFT_RANKED_5x5","SEASON2016","Sun Feb 14 09:54:47 CET 2016","3262","BLUE","12","BOTTOM","DUO_SUPPORT","true"
"2518684832","EUW1","TEAM_BUILDER_DRAFT_RANKED_5x5","SEASON2016","Sat Feb 13 10:11:24 CET 2016","2833","BLUE","421","JUNGLE","NONE","false"
"2517466065","EUW1","TEAM_BUILDER_DRAFT_RANKED_5x5","SEASON2016","Fri Feb 12 14:30:20 CET 2016","2106","BLUE","133","TOP","SOLO","true"
"2517308525","EUW1","TEAM_BUILDER_DRAFT_RANKED_5x5","SEASON2016","Fri Feb 12 10:22:34 CET 2016","1486","PURPLE","201","BOTTOM","DUO_SUPPORT","false"
"2517327055","EUW1","TEAM_BUILDER_DRAFT_RANKED_5x5","SEASON2016","Fri Feb 12 09:36:51 CET 2016","2055","BLUE","201","BOTTOM","DUO_SUPPORT","true"
"2501745409","EUW1","TEAM_BUILDER_DRAFT_RANKED_5x5","SEASON2016","Mon Feb 01 13:18:00 CET 2016","2263","PURPLE","201","BOTTOM","DUO_SUPPORT","true"
"2494037883","EUW1","TEAM_BUILDER_DRAFT_RANKED_5x5","SEASON2016","Wed Jan 27 11:09:29 CET 2016","2110","BLUE","63","BOTTOM","DUO_SUPPORT","true"
"2494055882","EUW1","TEAM_BUILDER_DRAFT_RANKED_5x5","SEASON2016","Wed Jan 27 10:26:20 CET 2016","2122","PURPLE","98","TOP","SOLO","true"
"2492258108","EUW1","RANKED_SOLO_5x5","SEASON2016","Mon Jan 25 19:51:11 CET 2016","1990","PURPLE","421","JUNGLE","NONE","true"
"2486043806","EUW1","RANKED_SOLO_5x5","SEASON2016","Fri Jan 22 10:00:25 CET 2016","1460","PURPLE","421","JUNGLE","NONE","true"
"2484588442","EUW1","RANKED_SOLO_5x5","SEASON2016","Thu Jan 21 10:55:31 CET 2016","2705","BLUE","150","TOP","SOLO","false"
"2481288511","EUW1","RANKED_SOLO_5x5","PRESEASON2016","Mon Jan 18 20:41:17 CET 2016","2300","BLUE","81","BOTTOM","DUO_CARRY","false"
"2480521773","EUW1","RANKED_SOLO_5x5","PRESEASON2016","Mon Jan 18 12:19:03 CET 2016","1708","PURPLE","23","JUNGLE","NONE","true"
"2480489132","EUW1","RANKED_SOLO_5x5","PRESEASON2016","Mon Jan 18 11:33:21 CET 2016","2301","PURPLE","63","MID","SOLO","false"
"2479095891","EUW1","RANKED_SOLO_5x5","PRESEASON2016","Sun Jan 17 14:03:17 CET 2016","1958","BLUE","44","BOTTOM","DUO_SUPPORT","true"
"2464476812","EUW1","RANKED_TEAM_5x5","PRESEASON2016","Wed Jan 06 21:14:19 CET 2016","2254","PURPLE","44","BOTTOM","DUO_SUPPORT","false"
"2456354827","EUW1","RANKED_SOLO_5x5","PRESEASON2016","Fri Jan 01 12:26:07 CET 2016","1994","BLUE","4","MID","SOLO","false"
"2456297693","EUW1","RANKED_SOLO_5x5","PRESEASON2016","Fri Jan 01 11:25:39 CET 2016","2728","BLUE","64","JUNGLE","NONE","false"
"2455315177","EUW1","RANKED_SOLO_5x5","PRESEASON2016","Thu Dec 31 13:18:01 CET 2015","1751","PURPLE","266","JUNGLE","NONE","true"
"2454676794","EUW1","RANKED_SOLO_5x5","PRESEASON2016","Wed Dec 30 21:52:16 CET 2015","1727","PURPLE","64","JUNGLE","NONE","false"
"2453715780","EUW1","RANKED_SOLO_5x5","PRESEASON2016","Wed Dec 30 13:52:34 CET 2015","1917","PURPLE","23","TOP","SOLO","false"
"2453649776","EUW1","RANKED_SOLO_5x5","PRESEASON2016","Wed Dec 30 13:12:57 CET 2015","1805","BLUE","236","BOTTOM","DUO_CARRY","false"
"2442626626","EUW1","RANKED_SOLO_5x5","PRESEASON2016","Tue Dec 22 23:39:31 CET 2015","1558","PURPLE","64","JUNGLE","NONE","false"
"2442575207","EUW1","RANKED_SOLO_5x5","PRESEASON2016","Tue Dec 22 22:58:44 CET 2015","1399","PURPLE","236","BOTTOM","DUO_CARRY","false"
"2300806491","EUW1","RANKED_SOLO_5x5","SEASON2015","Thu Sep 17 20:47:34 CEST 2015","2591","PURPLE","23","JUNGLE","NONE","true"
"2299806258","EUW1","RANKED_SOLO_5x5","SEASON2015","Thu Sep 17 02:01:57 CEST 2015","1615","BLUE","23","JUNGLE","NONE","true"
"2299796446","EUW1","RANKED_SOLO_5x5","SEASON2015","Thu Sep 17 01:22:41 CEST 2015","1493","PURPLE","72","JUNGLE","NONE","false"
"2259308351","EUW1","RANKED_SOLO_5x5","SEASON2015","Fri Aug 21 16:08:19 CEST 2015","2681","BLUE","40","BOTTOM","SOLO","true"
"2259197180","EUW1","RANKED_SOLO_5x5","SEASON2015","Fri Aug 21 14:19:34 CEST 2015","1722","PURPLE","412","BOTTOM","DUO_SUPPORT","false"
"2230188967","EUW1","RANKED_TEAM_5x5","SEASON2015","Sun Aug 02 00:27:22 CEST 2015","2523","PURPLE","4","MID","SOLO","true"
"2230154217","EUW1","RANKED_TEAM_5x5","SEASON2015","Sat Aug 01 23:45:49 CEST 2015","2018","PURPLE","4","MID","SOLO","true"
"2198621476","EUW1","RANKED_SOLO_5x5","SEASON2015","Sun Jul 12 20:51:56 CEST 2015","2197","PURPLE","11","JUNGLE","NONE","true"
"2198440376","EUW1","RANKED_SOLO_5x5","SEASON2015","Sun Jul 12 18:47:53 CEST 2015","1604","PURPLE","5","JUNGLE","NONE","false"
"2197920864","EUW1","RANKED_SOLO_5x5","SEASON2015","Sun Jul 12 16:45:50 CEST 2015","2201","PURPLE","254","JUNGLE","NONE","false"
"2197844306","EUW1","RANKED_SOLO_5x5","SEASON2015","Sun Jul 12 15:48:24 CEST 2015","2970","BLUE","133","BOTTOM","DUO_CARRY","false"
"2194962113","EUW1","RANKED_SOLO_5x5","SEASON2015","Fri Jul 10 15:58:10 CEST 2015","2211","PURPLE","59","JUNGLE","NONE","true"
"2193470125","EUW1","RANKED_SOLO_5x5","SEASON2015","Thu Jul 09 14:59:10 CEST 2015","1864","PURPLE","76","JUNGLE","NONE","false"
"2193434160","EUW1","RANKED_SOLO_5x5","SEASON2015","Thu Jul 09 14:10:00 CEST 2015","2031","BLUE","421","JUNGLE","NONE","false"
"2193385650","EUW1","RANKED_SOLO_5x5","SEASON2015","Thu Jul 09 13:07:10 CEST 2015","3078","PURPLE","81","MID","SOLO","false"
"2183883351","EUW1","RANKED_SOLO_5x5","SEASON2015","Fri Jul 03 14:13:16 CEST 2015","2765","BLUE","23","JUNGLE","NONE","false"
"2172726628","EUW1","RANKED_SOLO_5x5","SEASON2015","Fri Jun 26 12:08:58 CEST 2015","2816","BLUE","31","TOP","SOLO","true"
"2172078600","EUW1","RANKED_SOLO_5x5","SEASON2015","Thu Jun 25 23:46:58 CEST 2015","1348","BLUE","421","JUNGLE","NONE","false"
"2171992297","EUW1","RANKED_SOLO_5x5","SEASON2015","Thu Jun 25 22:49:02 CEST 2015","2521","BLUE","111","BOTTOM","DUO_SUPPORT","true"
"2170269007","EUW1","RANKED_SOLO_5x5","SEASON2015","Wed Jun 24 19:15:31 CEST 2015","2105","PURPLE","28","JUNGLE","NONE","false"
"2170209788","EUW1","RANKED_SOLO_5x5","SEASON2015","Wed Jun 24 18:33:14 CEST 2015","2051","PURPLE","111","BOTTOM","DUO_SUPPORT","false"
"2168108070","EUW1","RANKED_SOLO_5x5","SEASON2015","Tue Jun 23 14:38:32 CEST 2015","2649","BLUE","421","JUNGLE","NONE","true"
"2168053693","EUW1","RANKED_SOLO_5x5","SEASON2015","Tue Jun 23 13:50:05 CEST 2015","2484","BLUE","236","BOTTOM","DUO_CARRY","false"
"2165389241","EUW1","RANKED_SOLO_5x5","SEASON2015","Sun Jun 21 19:09:23 CEST 2015","1750","PURPLE","236","BOTTOM","DUO_CARRY","true"
"2162065801","EUW1","RANKED_SOLO_5x5","SEASON2015","Fri Jun 19 16:57:20 CEST 2015","2192","PURPLE","120","JUNGLE","NONE","false"
"2162010494","EUW1","RANKED_SOLO_5x5","SEASON2015","Fri Jun 19 16:01:42 CEST 2015","2582","BLUE","421","JUNGLE","NONE","false"
"2161963729","EUW1","RANKED_SOLO_5x5","SEASON2015","Fri Jun 19 15:23:01 CEST 2015","1495","PURPLE","421","JUNGLE","NONE","false"
"2161912233","EUW1","RANKED_SOLO_5x5","SEASON2015","Fri Jun 19 14:36:20 CEST 2015","2261","BLUE","44","BOTTOM","DUO_SUPPORT","true"
"2156824459","EUW1","RANKED_SOLO_5x5","SEASON2015","Tue Jun 16 00:11:53 CEST 2015","2468","PURPLE","421","JUNGLE","NONE","true"
"2155641367","EUW1","RANKED_SOLO_5x5","SEASON2015","Mon Jun 15 12:28:52 CEST 2015","1687","PURPLE","111","BOTTOM","DUO_SUPPORT","true"
"2155435493","EUW1","RANKED_SOLO_5x5","SEASON2015","Mon Jun 15 01:12:42 CEST 2015","2379","BLUE","23","TOP","SOLO","true"
"2155163583","EUW1","RANKED_SOLO_5x5","SEASON2015","Sun Jun 14 21:12:04 CEST 2015","3529","PURPLE","421","JUNGLE","NONE","true"
"2155101237","EUW1","RANKED_SOLO_5x5","SEASON2015","Sun Jun 14 20:28:11 CEST 2015","2134","BLUE","266","MID","DUO_SUPPORT","false"
"2154816391","EUW1","RANKED_SOLO_5x5","SEASON2015","Sun Jun 14 17:02:48 CEST 2015","2406","PURPLE","421","JUNGLE","NONE","true"
"2154766211","EUW1","RANKED_SOLO_5x5","SEASON2015","Sun Jun 14 16:32:28 CEST 2015","1414","PURPLE","236","BOTTOM","DUO_CARRY","false"
"2154393688","EUW1","RANKED_SOLO_5x5","SEASON2015","Sun Jun 14 15:00:26 CEST 2015","2607","PURPLE","236","BOTTOM","DUO_CARRY","false"
"2152288241","EUW1","RANKED_SOLO_5x5","SEASON2015","Sat Jun 13 02:03:35 CEST 2015","1597","PURPLE","150","TOP","SOLO","true"
"2146621962","EUW1","RANKED_SOLO_5x5","SEASON2015","Tue Jun 09 14:22:41 CEST 2015","1852","PURPLE","421","JUNGLE","NONE","true"
"2142712301","EUW1","RANKED_SOLO_5x5","SEASON2015","Sat Jun 06 17:23:50 CEST 2015","1737","BLUE","113","JUNGLE","NONE","false"
"2142454373","EUW1","RANKED_SOLO_5x5","SEASON2015","Sat Jun 06 16:31:06 CEST 2015","2480","PURPLE","23","JUNGLE","NONE","true"
"2142288456","EUW1","RANKED_SOLO_5x5","SEASON2015","Sat Jun 06 15:46:42 CEST 2015","1993","BLUE","266","JUNGLE","NONE","true"
"2142207615","EUW1","RANKED_SOLO_5x5","SEASON2015","Sat Jun 06 15:11:05 CEST 2015","1534","BLUE","421","JUNGLE","NONE","false"
"2133022628","EUW1","RANKED_SOLO_5x5","SEASON2015","Sun May 31 01:09:55 CEST 2015","1910","BLUE","421","JUNGLE","NONE","true"
"2132980554","EUW1","RANKED_SOLO_5x5","SEASON2015","Sun May 31 00:22:04 CEST 2015","1929","BLUE","150","TOP","SOLO","false"
"2130485953","EUW1","RANKED_SOLO_5x5","SEASON2015","Fri May 29 18:15:07 CEST 2015","3121","BLUE","421","JUNGLE","NONE","true"
"2130076937","EUW1","RANKED_SOLO_5x5","SEASON2015","Fri May 29 17:29:43 CEST 2015","2196","PURPLE","84","MID","SOLO","false"
"2129746005","EUW1","RANKED_SOLO_5x5","SEASON2015","Fri May 29 12:19:43 CEST 2015","2740","PURPLE","421","JUNGLE","NONE","true"
"2129600711","EUW1","RANKED_SOLO_5x5","SEASON2015","Fri May 29 03:55:30 CEST 2015","1942","BLUE","421","JUNGLE","NONE","false"
"2129583331","EUW1","RANKED_SOLO_5x5","SEASON2015","Fri May 29 02:49:58 CEST 2015","2313","BLUE","236","BOTTOM","DUO_CARRY","false"
"2128409832","EUW1","RANKED_SOLO_5x5","SEASON2015","Thu May 28 14:27:08 CEST 2015","2317","BLUE","421","JUNGLE","NONE","false"
"2128396047","EUW1","RANKED_SOLO_5x5","SEASON2015","Thu May 28 13:37:48 CEST 2015","2306","PURPLE","421","JUNGLE","NONE","false"
"2111566271","EUW1","RANKED_TEAM_5x5","SEASON2015","Sat May 16 20:39:03 CEST 2015","2753","PURPLE","421","JUNGLE","NONE","false"
"2110340876","EUW1","RANKED_SOLO_5x5","SEASON2015","Sat May 16 01:17:48 CEST 2015","1593","BLUE","421","JUNGLE","NONE","true"
"2104687379","EUW1","RANKED_SOLO_5x5","SEASON2015","Tue May 12 20:21:59 CEST 2015","2184","BLUE","421","JUNGLE","NONE","true"
"2104465787","EUW1","RANKED_SOLO_5x5","SEASON2015","Tue May 12 19:18:38 CEST 2015","2232","BLUE","421","JUNGLE","NONE","true"
"2103782960","EUW1","RANKED_SOLO_5x5","SEASON2015","Tue May 12 01:08:58 CEST 2015","2157","PURPLE","421","JUNGLE","NONE","true"
"2103753466","EUW1","RANKED_SOLO_5x5","SEASON2015","Mon May 11 23:59:38 CEST 2015","1320","BLUE","421","JUNGLE","NONE","false"
"2102336376","EUW1","RANKED_SOLO_5x5","SEASON2015","Sun May 10 22:03:18 CEST 2015","3015","BLUE","111","BOTTOM","DUO_SUPPORT","true"
"2102244371","EUW1","RANKED_SOLO_5x5","SEASON2015","Sun May 10 20:58:28 CEST 2015","3241","BLUE","150","TOP","SOLO","false"
"2102111815","EUW1","RANKED_SOLO_5x5","SEASON2015","Sun May 10 19:18:34 CEST 2015","2192","PURPLE","421","JUNGLE","NONE","true"
"2102043217","EUW1","RANKED_SOLO_5x5","SEASON2015","Sun May 10 18:31:28 CEST 2015","2261","PURPLE","421","JUNGLE","NONE","false"
"2099335383","EUW1","RANKED_SOLO_5x5","SEASON2015","Sat May 09 00:15:41 CEST 2015","2448","BLUE","44","BOTTOM","DUO_SUPPORT","true"
"2099291368","EUW1","RANKED_SOLO_5x5","SEASON2015","Fri May 08 23:32:13 CEST 2015","2084","PURPLE","111","BOTTOM","DUO_SUPPORT","false"
"2099078490","EUW1","RANKED_SOLO_5x5","SEASON2015","Fri May 08 21:13:21 CEST 2015","2327","PURPLE","421","JUNGLE","NONE","true"
"2097965550","EUW1","RANKED_SOLO_5x5","SEASON2015","Fri May 08 03:11:35 CEST 2015","2296","BLUE","421","JUNGLE","NONE","true"
"2096806459","EUW1","RANKED_SOLO_5x5","SEASON2015","Thu May 07 13:57:36 CEST 2015","2158","PURPLE","421","JUNGLE","NONE","true"
"2096489272","EUW1","RANKED_SOLO_5x5","SEASON2015","Wed May 06 23:04:01 CEST 2015","2579","PURPLE","111","BOTTOM","DUO_SUPPORT","true"
"2095335870","EUW1","RANKED_SOLO_5x5","SEASON2015","Wed May 06 03:36:16 CEST 2015","2303","PURPLE","59","JUNGLE","NONE","false"
"2095332447","EUW1","RANKED_SOLO_5x5","SEASON2015","Wed May 06 02:57:53 CEST 2015","1883","PURPLE","23","JUNGLE","NONE","false"
"2093854538","EUW1","RANKED_SOLO_5x5","SEASON2015","Mon May 04 22:35:51 CEST 2015","2278","PURPLE","154","JUNGLE","NONE","true"
"2093784677","EUW1","RANKED_SOLO_5x5","SEASON2015","Mon May 04 21:39:06 CEST 2015","2840","BLUE","236","BOTTOM","DUO_CARRY","false"
"2091248626","EUW1","RANKED_SOLO_5x5","SEASON2015","Sun May 03 06:57:07 CEST 2015","2505","PURPLE","44","BOTTOM","DUO_SUPPORT","true"
"2091142606","EUW1","RANKED_SOLO_5x5","SEASON2015","Sun May 03 00:45:05 CEST 2015","2151","BLUE","59","JUNGLE","NONE","false"
"2088219375","EUW1","RANKED_SOLO_5x5","SEASON2015","Fri May 01 03:21:31 CEST 2015","1734","BLUE","111","BOTTOM","DUO_SUPPORT","true"
"2086351241","EUW1","RANKED_SOLO_5x5","SEASON2015","Wed Apr 29 22:20:08 CEST 2015","2595","BLUE","69","MID","SOLO","true"
"2085779846","EUW1","RANKED_SOLO_5x5","SEASON2015","Wed Apr 29 13:55:08 CEST 2015","2670","BLUE","23","TOP","SOLO","true"
"2085760958","EUW1","RANKED_SOLO_5x5","SEASON2015","Wed Apr 29 12:10:40 CEST 2015","2667","PURPLE","421","JUNGLE","NONE","false"
"2085745036","EUW1","RANKED_SOLO_5x5","SEASON2015","Wed Apr 29 11:29:48 CEST 2015","1897","PURPLE","111","BOTTOM","DUO","false"
"2083287646","EUW1","RANKED_SOLO_5x5","SEASON2015","Mon Apr 27 20:41:06 CEST 2015","2606","BLUE","150","JUNGLE","NONE","true"
"2082555470","EUW1","RANKED_SOLO_5x5","SEASON2015","Sun Apr 26 22:44:31 CEST 2015","1862","BLUE","113","JUNGLE","NONE","true"
"2082486018","EUW1","RANKED_SOLO_5x5","SEASON2015","Sun Apr 26 21:50:21 CEST 2015","2826","PURPLE","23","TOP","SOLO","false"
"2081907516","EUW1","RANKED_SOLO_5x5","SEASON2015","Sun Apr 26 18:46:42 CEST 2015","3064","PURPLE","23","JUNGLE","NONE","true"
"2080710495","EUW1","RANKED_SOLO_5x5","SEASON2015","Sat Apr 25 21:24:03 CEST 2015","2907","PURPLE","59","JUNGLE","NONE","true"
"2080508818","EUW1","RANKED_SOLO_5x5","SEASON2015","Sat Apr 25 20:36:46 CEST 2015","2185","PURPLE","23","JUNGLE","NONE","false"
"2080443783","EUW1","RANKED_SOLO_5x5","SEASON2015","Sat Apr 25 19:51:36 CEST 2015","2183","PURPLE","23","TOP","SOLO","false"
"2078930807","EUW1","RANKED_SOLO_5x5","SEASON2015","Fri Apr 24 19:39:56 CEST 2015","2592","PURPLE","421","JUNGLE","NONE","true"
"2078877360","EUW1","RANKED_SOLO_5x5","SEASON2015","Fri Apr 24 18:59:37 CEST 2015","1823","PURPLE","267","BOTTOM","DUO_SUPPORT","false"
"2077968668","EUW1","RANKED_SOLO_5x5","SEASON2015","Thu Apr 23 22:46:56 CEST 2015","2313","BLUE","23","TOP","SOLO","true"
"2071627002","EUW1","RANKED_SOLO_5x5","SEASON2015","Sat Apr 18 21:51:35 CEST 2015","1963","PURPLE","23","JUNGLE","NONE","true"
"2070101367","EUW1","RANKED_SOLO_5x5","SEASON2015","Fri Apr 17 21:11:53 CEST 2015","2104","PURPLE","31","MID","SOLO","true"
"2069050176","EUW1","RANKED_SOLO_5x5","SEASON2015","Fri Apr 17 02:11:22 CEST 2015","2421","PURPLE","421","JUNGLE","NONE","true"
"2069044538","EUW1","RANKED_SOLO_5x5","SEASON2015","Fri Apr 17 01:38:13 CEST 2015","1451","BLUE","21","BOTTOM","DUO_CARRY","false"
"2068973121","EUW1","RANKED_SOLO_5x5","SEASON2015","Thu Apr 16 23:32:38 CEST 2015","1927","PURPLE","23","JUNGLE","NONE","false"
"2068918380","EUW1","RANKED_SOLO_5x5","SEASON2015","Thu Apr 16 22:40:37 CEST 2015","2251","BLUE","23","JUNGLE","NONE","true"
"2068868781","EUW1","RANKED_SOLO_5x5","SEASON2015","Thu Apr 16 21:55:10 CEST 2015","1984","BLUE","111","BOTTOM","DUO_SUPPORT","false"
"2068756405","EUW1","RANKED_SOLO_5x5","SEASON2015","Thu Apr 16 20:43:10 CEST 2015","3663","BLUE","23","JUNGLE","NONE","false"
"2067886341","EUW1","RANKED_SOLO_5x5","SEASON2015","Thu Apr 16 00:49:28 CEST 2015","2206","PURPLE","23","MID","SOLO","true"
"2067829697","EUW1","RANKED_SOLO_5x5","SEASON2015","Thu Apr 16 00:19:12 CEST 2015","1223","PURPLE","21","BOTTOM","DUO_CARRY","false"
"2067747014","EUW1","RANKED_SOLO_5x5","SEASON2015","Wed Apr 15 23:31:28 CEST 2015","2233","PURPLE","69","MID","SOLO","false"
"2067680169","EUW1","RANKED_SOLO_5x5","SEASON2015","Wed Apr 15 22:51:50 CEST 2015","1891","PURPLE","23","JUNGLE","NONE","false"
"2065774351","EUW1","RANKED_SOLO_5x5","SEASON2015","Tue Apr 14 02:55:31 CEST 2015","2181","BLUE","69","MID","SOLO","true"
"2061320024","EUW1","RANKED_SOLO_5x5","SEASON2015","Sat Apr 11 01:56:58 CEST 2015","1732","BLUE","23","JUNGLE","NONE","true"
"2054195990","EUW1","RANKED_SOLO_5x5","SEASON2015","Mon Apr 06 18:26:21 CEST 2015","2933","BLUE","69","MID","SOLO","true"
"2048829173","EUW1","RANKED_SOLO_5x5","SEASON2015","Sat Apr 04 19:52:44 CEST 2015","2080","PURPLE","23","JUNGLE","NONE","true"
"2048612382","EUW1","RANKED_SOLO_5x5","SEASON2015","Sat Apr 04 17:26:58 CEST 2015","1633","BLUE","23","TOP","SOLO","true"
"2044441575","EUW1","RANKED_SOLO_5x5","SEASON2015","Thu Apr 02 18:56:46 CEST 2015","2155","PURPLE","1","MID","SOLO","true"
"2044370759","EUW1","RANKED_SOLO_5x5","SEASON2015","Thu Apr 02 18:16:19 CEST 2015","1805","PURPLE","44","BOTTOM","DUO_SUPPORT","true"
"2044024840","EUW1","RANKED_SOLO_5x5","SEASON2015","Thu Apr 02 14:38:46 CEST 2015","2393","BLUE","23","JUNGLE","NONE","true"
"2043898764","EUW1","RANKED_SOLO_5x5","SEASON2015","Thu Apr 02 13:05:58 CEST 2015","2146","PURPLE","23","JUNGLE","NONE","true"
"2043074154","EUW1","RANKED_SOLO_5x5","SEASON2015","Wed Apr 01 23:27:45 CEST 2015","2316","PURPLE","23","JUNGLE","NONE","true"
"2042946094","EUW1","RANKED_SOLO_5x5","SEASON2015","Wed Apr 01 22:41:47 CEST 2015","2053","BLUE","23","JUNGLE","NONE","true"
"2042837178","EUW1","RANKED_SOLO_5x5","SEASON2015","Wed Apr 01 21:46:05 CEST 2015","2336","PURPLE","69","MID","SOLO","false"
"2042749830","EUW1","RANKED_SOLO_5x5","SEASON2015","Wed Apr 01 21:05:52 CEST 2015","1916","BLUE","23","TOP","SOLO","false"
"2042436505","EUW1","RANKED_SOLO_5x5","SEASON2015","Wed Apr 01 18:30:25 CEST 2015","2198","BLUE","23","JUNGLE","NONE","true"
"2042273469","EUW1","RANKED_SOLO_5x5","SEASON2015","Wed Apr 01 17:15:39 CEST 2015","1961","PURPLE","23","JUNGLE","NONE","false"
"2041808644","EUW1","RANKED_SOLO_5x5","SEASON2015","Wed Apr 01 16:19:23 CEST 2015","2874","PURPLE","111","JUNGLE","NONE","true"
"2041672305","EUW1","RANKED_SOLO_5x5","SEASON2015","Wed Apr 01 15:14:32 CEST 2015","1803","BLUE","23","JUNGLE","NONE","true"
"2041022293","EUW1","RANKED_SOLO_5x5","SEASON2015","Tue Mar 31 23:38:55 CEST 2015","1659","PURPLE","23","JUNGLE","NONE","true"
"2040647322","EUW1","RANKED_SOLO_5x5","SEASON2015","Tue Mar 31 22:23:59 CEST 2015","1660","BLUE","23","JUNGLE","NONE","false"
"2040489253","EUW1","RANKED_SOLO_5x5","SEASON2015","Tue Mar 31 21:32:14 CEST 2015","2481","BLUE","89","BOTTOM","DUO","false"
"2040427856","EUW1","RANKED_SOLO_5x5","SEASON2015","Tue Mar 31 20:58:58 CEST 2015","1281","BLUE","23","TOP","SOLO","true"
"2040365602","EUW1","RANKED_SOLO_5x5","SEASON2015","Tue Mar 31 20:01:12 CEST 2015","2798","BLUE","23","JUNGLE","NONE","true"
"2040291980","EUW1","RANKED_SOLO_5x5","SEASON2015","Tue Mar 31 19:13:35 CEST 2015","2351","PURPLE","23","JUNGLE","NONE","true"
"2040218329","EUW1","RANKED_SOLO_5x5","SEASON2015","Tue Mar 31 18:27:22 CEST 2015","2152","BLUE","23","JUNGLE","NONE","true"
"2040098564","EUW1","RANKED_SOLO_5x5","SEASON2015","Tue Mar 31 17:20:36 CEST 2015","2175","PURPLE","23","JUNGLE","NONE","true"
"1983806791","EUW1","RANKED_SOLO_5x5","SEASON2015","Sun Feb 22 20:06:49 CET 2015","1628","BLUE","5","JUNGLE","NONE","true"
"1983749483","EUW1","RANKED_SOLO_5x5","SEASON2015","Sun Feb 22 19:27:44 CET 2015","1801","PURPLE","5","JUNGLE","NONE","true"
"1948381038","EUW1","RANKED_SOLO_5x5","SEASON2015","Sun Feb 01 00:50:04 CET 2015","3239","BLUE","69","MID","SOLO","true"
"1946356326","EUW1","RANKED_SOLO_5x5","SEASON2015","Sat Jan 31 02:09:31 CET 2015","2015","BLUE","23","TOP","SOLO","true"
"1940203827","EUW1","RANKED_SOLO_5x5","SEASON2015","Tue Jan 27 01:28:20 CET 2015","1802","BLUE","98","JUNGLE","NONE","false"
"1938810171","EUW1","RANKED_SOLO_5x5","SEASON2015","Mon Jan 26 02:07:26 CET 2015","1590","BLUE","98","JUNGLE","NONE","true"
"1903335829","EUW1","RANKED_SOLO_5x5","PRESEASON2015","Fri Jan 02 18:59:45 CET 2015","1495","BLUE","5","JUNGLE","NONE","true"
"1903234227","EUW1","RANKED_SOLO_5x5","PRESEASON2015","Fri Jan 02 17:39:44 CET 2015","2222","PURPLE","44","BOTTOM","DUO_SUPPORT","false"
"1903153286","EUW1","RANKED_SOLO_5x5","PRESEASON2015","Fri Jan 02 16:51:41 CET 2015","2190","BLUE","5","JUNGLE","NONE","true"
"1903112265","EUW1","RANKED_SOLO_5x5","PRESEASON2015","Fri Jan 02 16:17:13 CET 2015","1441","BLUE","122","TOP","SOLO","false"
"1902512889","EUW1","RANKED_SOLO_5x5","PRESEASON2015","Fri Jan 02 01:05:44 CET 2015","1997","PURPLE","5","JUNGLE","NONE","true"
"1902423056","EUW1","RANKED_SOLO_5x5","PRESEASON2015","Fri Jan 02 00:09:04 CET 2015","2827","PURPLE","5","JUNGLE","NONE","false"
"1902136158","EUW1","RANKED_SOLO_5x5","PRESEASON2015","Thu Jan 01 22:06:27 CET 2015","2892","PURPLE","5","JUNGLE","NONE","false"
"1901885588","EUW1","RANKED_SOLO_5x5","PRESEASON2015","Thu Jan 01 19:57:35 CET 2015","2772","BLUE","5","JUNGLE","NONE","true"
"1901809803","EUW1","RANKED_SOLO_5x5","PRESEASON2015","Thu Jan 01 19:03:43 CET 2015","1964","BLUE","102","JUNGLE","NONE","false"
"1901690956","EUW1","RANKED_SOLO_5x5","PRESEASON2015","Thu Jan 01 16:54:43 CET 2015","3012","BLUE","5","JUNGLE","NONE","false"
"1900694340","EUW1","RANKED_SOLO_5x5","PRESEASON2015","Wed Dec 31 18:16:07 CET 2014","2634","PURPLE","5","JUNGLE","NONE","true"
"1899657811","EUW1","RANKED_SOLO_5x5","PRESEASON2015","Wed Dec 31 00:26:26 CET 2014","2480","PURPLE","5","JUNGLE","NONE","false"
"1899609368","EUW1","RANKED_SOLO_5x5","PRESEASON2015","Tue Dec 30 23:40:34 CET 2014","2154","BLUE","5","JUNGLE","NONE","false"
"1889617642","EUW1","RANKED_SOLO_5x5","PRESEASON2015","Wed Dec 24 16:16:01 CET 2014","2303","PURPLE","5","JUNGLE","NONE","true"
"1888928135","EUW1","RANKED_SOLO_5x5","PRESEASON2015","Wed Dec 24 03:56:35 CET 2014","1729","PURPLE","5","JUNGLE","NONE","true"
"1888915149","EUW1","RANKED_SOLO_5x5","PRESEASON2015","Wed Dec 24 03:15:09 CET 2014","2001","PURPLE","5","JUNGLE","NONE","false"
"1887555275","EUW1","RANKED_SOLO_5x5","PRESEASON2015","Tue Dec 23 13:29:28 CET 2014","3613","BLUE","5","JUNGLE","NONE","false"
"1886899085","EUW1","RANKED_SOLO_5x5","PRESEASON2015","Tue Dec 23 00:13:16 CET 2014","2515","BLUE","5","JUNGLE","NONE","true"
"1886693107","EUW1","RANKED_SOLO_5x5","PRESEASON2015","Mon Dec 22 22:03:17 CET 2014","1927","PURPLE","18","BOTTOM","DUO_CARRY","false"
"1886617962","EUW1","RANKED_SOLO_5x5","PRESEASON2015","Mon Dec 22 21:34:31 CET 2014","1267","BLUE","44","BOTTOM","DUO_SUPPORT","false"
"1877711215","EUW1","RANKED_SOLO_5x5","PRESEASON2015","Wed Dec 17 14:29:12 CET 2014","2243","BLUE","5","JUNGLE","NONE","true"
"1874759384","EUW1","RANKED_SOLO_5x5","PRESEASON2015","Mon Dec 15 18:06:08 CET 2014","2670","BLUE","5","JUNGLE","NONE","false"
"1873522781","EUW1","RANKED_SOLO_5x5","PRESEASON2015","Sun Dec 14 18:18:21 CET 2014","2640","BLUE","44","BOTTOM","DUO_SUPPORT","true"
"1871570992","EUW1","RANKED_SOLO_5x5","PRESEASON2015","Sat Dec 13 22:40:45 CET 2014","1800","PURPLE","44","BOTTOM","DUO_SUPPORT","true"
"1871471256","EUW1","RANKED_SOLO_5x5","PRESEASON2015","Sat Dec 13 21:50:37 CET 2014","2345","PURPLE","23","JUNGLE","NONE","false"
"1871380863","EUW1","RANKED_SOLO_5x5","PRESEASON2015","Sat Dec 13 20:36:43 CET 2014","1947","PURPLE","5","JUNGLE","NONE","true"
"1867698294","EUW1","RANKED_SOLO_5x5","PRESEASON2015","Thu Dec 11 19:50:27 CET 2014","2316","BLUE","44","BOTTOM","DUO_SUPPORT","true"
"1867682645","EUW1","RANKED_SOLO_5x5","PRESEASON2015","Thu Dec 11 19:15:01 CET 2014","1656","PURPLE","5","JUNGLE","NONE","false"
"1867626647","EUW1","RANKED_SOLO_5x5","PRESEASON2015","Thu Dec 11 18:26:56 CET 2014","2262","BLUE","75","JUNGLE","NONE","false"
"1867353603","EUW1","RANKED_SOLO_5x5","PRESEASON2015","Thu Dec 11 13:42:03 CET 2014","2239","BLUE","5","JUNGLE","NONE","true"
"1866703707","EUW1","RANKED_SOLO_5x5","PRESEASON2015","Wed Dec 10 22:01:34 CET 2014","1475","BLUE","53","BOTTOM","DUO_SUPPORT","true"
"1865444298","EUW1","RANKED_SOLO_5x5","PRESEASON2015","Tue Dec 09 22:50:44 CET 2014","1956","PURPLE","19","JUNGLE","NONE","false"
"1865405257","EUW1","RANKED_SOLO_5x5","PRESEASON2015","Tue Dec 09 22:08:52 CET 2014","2083","BLUE","5","JUNGLE","NONE","false"
"1865119657","EUW1","RANKED_SOLO_5x5","PRESEASON2015","Tue Dec 09 20:10:49 CET 2014","1947","BLUE","103","MID","SOLO","true"
"1865036048","EUW1","RANKED_SOLO_5x5","PRESEASON2015","Tue Dec 09 19:30:16 CET 2014","1682","PURPLE","5","JUNGLE","NONE","true"
"1864636490","EUW1","RANKED_SOLO_5x5","PRESEASON2015","Tue Dec 09 15:37:33 CET 2014","1293","PURPLE","75","TOP","SOLO","true"
"1863980943","EUW1","RANKED_SOLO_5x5","PRESEASON2015","Mon Dec 08 22:00:04 CET 2014","2061","BLUE","5","TOP","SOLO","false"
"1863894760","EUW1","RANKED_SOLO_5x5","PRESEASON2015","Mon Dec 08 21:08:44 CET 2014","2427","PURPLE","16","BOTTOM","DUO_SUPPORT","false"
"1863769036","EUW1","RANKED_SOLO_5x5","PRESEASON2015","Mon Dec 08 20:18:12 CET 2014","1248","PURPLE","5","JUNGLE","NONE","false"
"1863498339","EUW1","RANKED_SOLO_5x5","PRESEASON2015","Mon Dec 08 18:19:10 CET 2014","2364","PURPLE","5","JUNGLE","NONE","true"
"1863429633","EUW1","RANKED_SOLO_5x5","PRESEASON2015","Mon Dec 08 17:40:54 CET 2014","1297","BLUE","5","JUNGLE","NONE","true"
"1863304360","EUW1","RANKED_SOLO_5x5","PRESEASON2015","Mon Dec 08 16:32:28 CET 2014","2442","BLUE","18","BOTTOM","DUO_CARRY","true"
"1863227763","EUW1","RANKED_SOLO_5x5","PRESEASON2015","Mon Dec 08 15:33:02 CET 2014","2469","PURPLE","412","BOTTOM","DUO_SUPPORT","false"
"1860720614","EUW1","RANKED_SOLO_5x5","PRESEASON2015","Sat Dec 06 22:16:25 CET 2014","2193","BLUE","18","BOTTOM","DUO_CARRY","true"
"1860584133","EUW1","RANKED_SOLO_5x5","PRESEASON2015","Sat Dec 06 21:34:53 CET 2014","1815","BLUE","5","JUNGLE","NONE","true"
"1858881477","EUW1","RANKED_SOLO_5x5","PRESEASON2015","Fri Dec 05 22:42:19 CET 2014","2128","PURPLE","5","JUNGLE","NONE","false"
"1858773397","EUW1","RANKED_SOLO_5x5","PRESEASON2015","Fri Dec 05 21:54:02 CET 2014","2200","BLUE","5","JUNGLE","NONE","true"
"1858611119","EUW1","RANKED_SOLO_5x5","PRESEASON2015","Fri Dec 05 20:26:52 CET 2014","3047","BLUE","5","JUNGLE","NONE","false"
"1858419506","EUW1","RANKED_SOLO_5x5","PRESEASON2015","Fri Dec 05 19:22:27 CET 2014","2009","BLUE","53","BOTTOM","DUO_SUPPORT","false"
"1858361168","EUW1","RANKED_SOLO_5x5","PRESEASON2015","Fri Dec 05 18:41:23 CET 2014","1932","PURPLE","44","BOTTOM","DUO_SUPPORT","false"
"1855997682","EUW1","RANKED_SOLO_5x5","PRESEASON2015","Wed Dec 03 22:20:33 CET 2014","1993","BLUE","5","JUNGLE","NONE","true"
"1853674340","EUW1","RANKED_SOLO_5x5","PRESEASON2015","Tue Dec 02 14:27:44 CET 2014","1218","BLUE","5","JUNGLE","NONE","true"
"1851922481","EUW1","RANKED_SOLO_5x5","PRESEASON2015","Sun Nov 30 23:31:28 CET 2014","1925","BLUE","266","TOP","SOLO","true"
"1850919899","EUW1","RANKED_SOLO_5x5","PRESEASON2015","Sun Nov 30 15:21:10 CET 2014","1957","BLUE","38","MID","SOLO","false"
"1850833231","EUW1","RANKED_SOLO_5x5","PRESEASON2015","Sun Nov 30 14:34:51 CET 2014","2244","BLUE","5","JUNGLE","NONE","true"
"1850559133","EUW1","RANKED_SOLO_5x5","PRESEASON2015","Sun Nov 30 12:25:33 CET 2014","1729","PURPLE","5","JUNGLE","NONE","true"
"1850523520","EUW1","RANKED_SOLO_5x5","PRESEASON2015","Sun Nov 30 11:42:02 CET 2014","2107","PURPLE","18","JUNGLE","NONE","false"
"1850339984","EUW1","RANKED_SOLO_5x5","PRESEASON2015","Sun Nov 30 09:39:01 CET 2014","3820","PURPLE","5","JUNGLE","NONE","true"
"1850375209","EUW1","RANKED_SOLO_5x5","PRESEASON2015","Sun Nov 30 08:58:37 CET 2014","1809","BLUE","5","JUNGLE","NONE","false"
"1850337628","EUW1","RANKED_SOLO_5x5","PRESEASON2015","Sun Nov 30 08:24:50 CET 2014","1487","PURPLE","5","JUNGLE","NONE","true"
"1850365087","EUW1","RANKED_SOLO_5x5","PRESEASON2015","Sun Nov 30 07:37:59 CET 2014","2134","BLUE","5","JUNGLE","NONE","false"
"1850336298","EUW1","RANKED_SOLO_5x5","PRESEASON2015","Sun Nov 30 07:05:00 CET 2014","1251","BLUE","5","JUNGLE","NONE","true"
"1850356634","EUW1","RANKED_SOLO_5x5","PRESEASON2015","Sun Nov 30 06:24:02 CET 2014","1629","PURPLE","80","TOP","SOLO","false"
"1850348239","EUW1","RANKED_SOLO_5x5","PRESEASON2015","Sun Nov 30 05:32:20 CET 2014","2532","PURPLE","44","BOTTOM","DUO_SUPPORT","false"
"1850344805","EUW1","RANKED_SOLO_5x5","PRESEASON2015","Sun Nov 30 04:48:14 CET 2014","2004","BLUE","18","BOTTOM","DUO_CARRY","false"
"1843399590","EUW1","RANKED_SOLO_5x5","PRESEASON2015","Wed Nov 26 14:53:45 CET 2014","2118","BLUE","412","BOTTOM","DUO_SUPPORT","false"
"1832400514","EUW1","RANKED_SOLO_5x5","PRESEASON2015","Wed Nov 19 21:51:54 CET 2014","1214","BLUE","102","JUNGLE","NONE","false"
"1831493019","EUW1","RANKED_SOLO_5x5","PRESEASON2015","Wed Nov 19 14:34:02 CET 2014","2468","BLUE","18","BOTTOM","DUO_CARRY","false"
"1823420258","EUW1","RANKED_SOLO_5x5","PRESEASON2015","Fri Nov 14 15:14:43 CET 2014","2134","PURPLE","23","JUNGLE","NONE","false"
"1823311897","EUW1","RANKED_SOLO_5x5","PRESEASON2015","Fri Nov 14 13:10:38 CET 2014","2499","PURPLE","254","JUNGLE","NONE","false"
"1823232680","EUW1","RANKED_SOLO_5x5","PRESEASON2015","Fri Nov 14 12:07:42 CET 2014","1638","PURPLE","18","BOTTOM","DUO_CARRY","true"
"1815514425","EUW1","RANKED_SOLO_5x5","SEASON2014","Sun Nov 09 21:00:14 CET 2014","2436","PURPLE","102","JUNGLE","NONE","false"
"1814960217","EUW1","RANKED_SOLO_5x5","SEASON2014","Sun Nov 09 18:02:57 CET 2014","2345","PURPLE","86","TOP","SOLO","true"
"1812440150","EUW1","RANKED_SOLO_5x5","SEASON2014","Sat Nov 08 14:17:51 CET 2014","1244","BLUE","32","JUNGLE","NONE","false"
"1812401055","EUW1","RANKED_SOLO_5x5","SEASON2014","Sat Nov 08 13:32:27 CET 2014","1778","PURPLE","32","JUNGLE","NONE","true"
"1811155331","EUW1","RANKED_SOLO_5x5","SEASON2014","Fri Nov 07 19:23:01 CET 2014","2195","BLUE","32","JUNGLE","NONE","true"
"1810461397","EUW1","RANKED_SOLO_5x5","SEASON2014","Fri Nov 07 14:15:26 CET 2014","1735","PURPLE","77","JUNGLE","NONE","false"
"1810407492","EUW1","RANKED_SOLO_5x5","SEASON2014","Fri Nov 07 13:39:17 CET 2014","1216","BLUE","18","BOTTOM","DUO_CARRY","false"
"1810357552","EUW1","RANKED_SOLO_5x5","SEASON2014","Fri Nov 07 13:10:30 CET 2014","1239","PURPLE","86","TOP","SOLO","false"
"1810344262","EUW1","RANKED_SOLO_5x5","SEASON2014","Fri Nov 07 12:27:25 CET 2014","1977","PURPLE","92","JUNGLE","NONE","false"
"1810308700","EUW1","RANKED_SOLO_5x5","SEASON2014","Fri Nov 07 11:49:34 CET 2014","1774","BLUE","102","TOP","SOLO","false"
"1809043957","EUW1","RANKED_SOLO_5x5","SEASON2014","Thu Nov 06 14:24:23 CET 2014","1791","BLUE","44","BOTTOM","DUO_SUPPORT","false"
"1808979712","EUW1","RANKED_SOLO_5x5","SEASON2014","Thu Nov 06 13:04:13 CET 2014","1591","PURPLE","86","TOP","SOLO","true"
"1807748531","EUW1","RANKED_SOLO_5x5","SEASON2014","Wed Nov 05 14:40:28 CET 2014","2207","BLUE","44","BOTTOM","DUO_SUPPORT","true"
"1806685960","EUW1","RANKED_SOLO_5x5","SEASON2014","Tue Nov 04 20:23:35 CET 2014","1955","BLUE","119","BOTTOM","DUO_CARRY","true"
"1805838404","EUW1","RANKED_SOLO_5x5","SEASON2014","Tue Nov 04 10:50:37 CET 2014","2912","PURPLE","86","TOP","SOLO","true"
"1805741211","EUW1","RANKED_SOLO_5x5","SEASON2014","Tue Nov 04 02:32:37 CET 2014","2471","PURPLE","18","BOTTOM","SOLO","false"
"1805694395","EUW1","RANKED_SOLO_5x5","SEASON2014","Tue Nov 04 02:00:54 CET 2014","1401","BLUE","54","TOP","SOLO","false"
"1805516277","EUW1","RANKED_SOLO_5x5","SEASON2014","Mon Nov 03 22:55:45 CET 2014","2966","BLUE","126","TOP","SOLO","false"
"1805449856","EUW1","RANKED_SOLO_5x5","SEASON2014","Mon Nov 03 22:14:35 CET 2014","1917","PURPLE","236","BOTTOM","DUO_CARRY","false"
"1805401300","EUW1","RANKED_SOLO_5x5","SEASON2014","Mon Nov 03 21:36:15 CET 2014","1788","BLUE","133","BOTTOM","DUO","false"
"1805226933","EUW1","RANKED_SOLO_5x5","SEASON2014","Mon Nov 03 20:28:02 CET 2014","1232","BLUE","102","JUNGLE","NONE","false"
"1804691562","EUW1","RANKED_SOLO_5x5","SEASON2014","Mon Nov 03 15:07:41 CET 2014","1660","BLUE","59","JUNGLE","NONE","true"
"1804263042","EUW1","RANKED_SOLO_5x5","SEASON2014","Mon Nov 03 03:17:24 CET 2014","2160","PURPLE","127","TOP","SOLO","false"
"1804239229","EUW1","RANKED_SOLO_5x5","SEASON2014","Mon Nov 03 02:40:01 CET 2014","1761","PURPLE","81","BOTTOM","DUO_CARRY","false"
"1804228491","EUW1","RANKED_SOLO_5x5","SEASON2014","Mon Nov 03 01:55:45 CET 2014","2189","PURPLE","86","TOP","SOLO","false"
"1804045065","EUW1","RANKED_SOLO_5x5","SEASON2014","Sun Nov 02 22:55:51 CET 2014","2358","PURPLE","23","TOP","SOLO","false"
"1803907437","EUW1","RANKED_SOLO_5x5","SEASON2014","Sun Nov 02 22:03:11 CET 2014","1961","PURPLE","102","JUNGLE","NONE","true"
"1803811360","EUW1","RANKED_SOLO_5x5","SEASON2014","Sun Nov 02 21:08:49 CET 2014","2073","BLUE","44","BOTTOM","DUO_SUPPORT","false"
"1803232359","EUW1","RANKED_SOLO_5x5","SEASON2014","Sun Nov 02 17:13:32 CET 2014","2312","BLUE","236","BOTTOM","DUO_CARRY","false"
"1803101045","EUW1","RANKED_SOLO_5x5","SEASON2014","Sun Nov 02 16:18:49 CET 2014","2425","BLUE","86","TOP","SOLO","true"
"1803013702","EUW1","RANKED_SOLO_5x5","SEASON2014","Sun Nov 02 15:44:16 CET 2014","1599","PURPLE","7","MID","SOLO","false"
"1802932585","EUW1","RANKED_SOLO_5x5","SEASON2014","Sun Nov 02 15:01:17 CET 2014","2096","BLUE","21","BOTTOM","DUO_CARRY","false"
"1802572986","EUW1","RANKED_SOLO_5x5","SEASON2014","Sun Nov 02 12:42:13 CET 2014","2101","BLUE","102","TOP","SOLO","true"
"1802476377","EUW1","RANKED_SOLO_5x5","SEASON2014","Sun Nov 02 11:49:13 CET 2014","2520","BLUE","81","BOTTOM","DUO_CARRY","false"
"1802379374","EUW1","RANKED_SOLO_5x5","SEASON2014","Sun Nov 02 11:01:10 CET 2014","1931","BLUE","38","MID","SOLO","false"
"1802039063","EUW1","RANKED_SOLO_5x5","SEASON2014","Sun Nov 02 01:20:36 CET 2014","2024","BLUE","77","JUNGLE","NONE","false"
"1801900082","EUW1","RANKED_SOLO_5x5","SEASON2014","Sun Nov 02 00:13:51 CET 2014","3331","PURPLE","86","TOP","SOLO","true"
"1801825158","EUW1","RANKED_SOLO_5x5","SEASON2014","Sat Nov 01 23:17:39 CET 2014","2890","PURPLE","99","BOTTOM","DUO_SUPPORT","false"
"1801760758","EUW1","RANKED_SOLO_5x5","SEASON2014","Sat Nov 01 22:43:59 CET 2014","1476","BLUE","59","JUNGLE","NONE","false"
"1801553334","EUW1","RANKED_TEAM_5x5","SEASON2014","Sat Nov 01 21:33:09 CET 2014","2199","BLUE","81","BOTTOM","DUO_CARRY","false"
"1801438152","EUW1","RANKED_TEAM_5x5","SEASON2014","Sat Nov 01 20:45:37 CET 2014","2199","PURPLE","23","TOP","SOLO","false"
"1801370984","EUW1","RANKED_TEAM_5x5","SEASON2014","Sat Nov 01 20:01:55 CET 2014","1715","BLUE","254","JUNGLE","NONE","false"
"1801218688","EUW1","RANKED_SOLO_5x5","SEASON2014","Sat Nov 01 19:13:14 CET 2014","2313","PURPLE","102","MID","DUO_SUPPORT","false"
"1801077253","EUW1","RANKED_SOLO_5x5","SEASON2014","Sat Nov 01 18:21:56 CET 2014","2568","BLUE","133","BOTTOM","DUO_CARRY","false"
"1793829590","EUW1","RANKED_SOLO_5x5","SEASON2014","Wed Oct 29 14:32:29 CET 2014","2053","BLUE","69","MID","SOLO","true"
"1792935765","EUW1","RANKED_SOLO_5x5","SEASON2014","Tue Oct 28 23:28:25 CET 2014","2422","PURPLE","81","BOTTOM","DUO_CARRY","true"
"1792813830","EUW1","RANKED_SOLO_5x5","SEASON2014","Tue Oct 28 22:31:26 CET 2014","2084","BLUE","59","JUNGLE","NONE","false"
"1765775275","EUW1","RANKED_SOLO_5x5","SEASON2014","Thu Oct 23 02:24:12 CEST 2014","2527","BLUE","81","BOTTOM","DUO_CARRY","true"
"1764677998","EUW1","RANKED_SOLO_5x5","SEASON2014","Wed Oct 22 22:38:09 CEST 2014","1642","PURPLE","23","JUNGLE","NONE","false"
"1750680826","EUW1","RANKED_SOLO_5x5","SEASON2014","Fri Oct 17 13:06:04 CEST 2014","1732","BLUE","44","BOTTOM","DUO_SUPPORT","false"
"1750569699","EUW1","RANKED_SOLO_5x5","SEASON2014","Fri Oct 17 12:20:00 CEST 2014","2249","BLUE","254","JUNGLE","NONE","true"
"1748279007","EUW1","RANKED_SOLO_5x5","SEASON2014","Thu Oct 16 12:41:54 CEST 2014","2113","PURPLE","13","TOP","SOLO","false"
"1748231520","EUW1","RANKED_SOLO_5x5","SEASON2014","Thu Oct 16 11:54:00 CEST 2014","2410","BLUE","44","BOTTOM","DUO_SUPPORT","true"
"1747663178","EUW1","RANKED_SOLO_5x5","SEASON2014","Wed Oct 15 23:39:46 CEST 2014","2112","BLUE","44","BOTTOM","DUO_SUPPORT","false"
"1746587165","EUW1","RANKED_SOLO_5x5","SEASON2014","Wed Oct 15 16:07:35 CEST 2014","2169","PURPLE","44","BOTTOM","DUO","true"
"1746472481","EUW1","RANKED_SOLO_5x5","SEASON2014","Wed Oct 15 15:18:12 CEST 2014","2330","PURPLE","44","BOTTOM","DUO_SUPPORT","true"
"1740598840","EUW1","RANKED_SOLO_5x5","SEASON2014","Sun Oct 12 15:02:01 CEST 2014","2917","PURPLE","44","BOTTOM","DUO_SUPPORT","true"
"1740008388","EUW1","RANKED_SOLO_5x5","SEASON2014","Sun Oct 12 02:52:35 CEST 2014","1699","PURPLE","236","BOTTOM","DUO_CARRY","true"
"1739224099","EUW1","RANKED_SOLO_5x5","SEASON2014","Sat Oct 11 20:45:33 CEST 2014","1689","PURPLE","44","JUNGLE","NONE","false"
"1739137848","EUW1","RANKED_SOLO_5x5","SEASON2014","Sat Oct 11 19:57:12 CEST 2014","2203","BLUE","39","TOP","SOLO","false"
"1738274719","EUW1","RANKED_SOLO_5x5","SEASON2014","Sat Oct 11 14:33:18 CEST 2014","1917","PURPLE","44","BOTTOM","DUO_SUPPORT","true"
"1738232923","EUW1","RANKED_SOLO_5x5","SEASON2014","Sat Oct 11 14:00:12 CEST 2014","1223","PURPLE","44","BOTTOM","DUO_SUPPORT","false"
"1736965683","EUW1","RANKED_SOLO_5x5","SEASON2014","Fri Oct 10 20:07:43 CEST 2014","1662","PURPLE","254","JUNGLE","NONE","false"
"1736207899","EUW1","RANKED_SOLO_5x5","SEASON2014","Fri Oct 10 14:47:51 CEST 2014","1037","BLUE","23","TOP","SOLO","false"
"1684361279","EUW1","RANKED_SOLO_5x5","SEASON2014","Sat Sep 13 15:34:03 CEST 2014","2163","PURPLE","39","TOP","SOLO","false"
"1667747245","EUW1","RANKED_SOLO_5x5","SEASON2014","Sat Sep 06 02:21:50 CEST 2014","1737","PURPLE","23","JUNGLE","NONE","false"
"1667556889","EUW1","RANKED_SOLO_5x5","SEASON2014","Sat Sep 06 00:27:36 CEST 2014","1278","BLUE","23","TOP","SOLO","false"
"1667277286","EUW1","RANKED_SOLO_5x5","SEASON2014","Fri Sep 05 22:14:17 CEST 2014","1903","PURPLE","23","TOP","SOLO","true"
"1666984406","EUW1","RANKED_SOLO_5x5","SEASON2014","Fri Sep 05 20:33:35 CEST 2014","1235","PURPLE","23","TOP","SOLO","true"
"1666829952","EUW1","RANKED_SOLO_5x5","SEASON2014","Fri Sep 05 19:55:03 CEST 2014","1590","PURPLE","69","MID","DUO_CARRY","false"
"1661544408","EUW1","RANKED_SOLO_5x5","SEASON2014","Wed Sep 03 20:05:53 CEST 2014","1270","BLUE","23","TOP","SOLO","false"
"1625236032","EUW1","RANKED_SOLO_5x5","SEASON2014","Sat Aug 16 13:41:15 CEST 2014","1497","PURPLE","23","TOP","SOLO","true"
"1618708519","EUW1","RANKED_SOLO_5x5","SEASON2014","Tue Aug 12 17:35:47 CEST 2014","2107","BLUE","10","TOP","SOLO","true"
"1617744827","EUW1","RANKED_SOLO_5x5","SEASON2014","Tue Aug 12 00:08:54 CEST 2014","2182","BLUE","69","MID","SOLO","true"
"1617673847","EUW1","RANKED_SOLO_5x5","SEASON2014","Mon Aug 11 23:34:19 CEST 2014","1535","PURPLE","254","JUNGLE","NONE","false"
